City,Cloudiness,Country,Date,Humidity,Latitude,Longitude,Max Temp,Wind Speed
City,Cloudiness,Country,Date,Humidity,Latitude,Longitude,Max Temp,Wind Speed
City,Cloudiness,Country,Date,Humidity,Latitude,Longitude,Max Temp,Wind Speed
City,Cloudiness,Country,Date,Humidity,Latitude,Longitude,Max Temp,Wind Speed
City,Cloudiness,Country,Date,Humidity,Latitude,Longitude,Max Temp,Wind Speed
City,Cloudiness,Country,Date,Humidity,Latitude,Longitude,Max Temp,Wind Speed
City,Cloudiness,Country,Date,Humidity,Latitude,Longitude,Max Temp,Wind Speed
City,Cloudiness,Country,Date,Humidity,Latitude,Longitude,Max Temp,Wind Speed
City,Cloudiness,Country,Date,Humidity,Latitude,Longitude,Max Temp,Wind Speed
City,Cloudiness,Country,Date,Humidity,Latitude,Longitude,Max Temp,Wind Speed
City,Cloudiness,Country,Date,Humidity,Latitude,Longitude,Max Temp,Wind Speed
City,Cloudiness,Country,Date,Humidity,Latitude,Longitude,Max Temp,Wind Speed
City,Cloudiness,Country,Date,Humidity,Latitude,Longitude,Max Temp,Wind Speed
City,Cloudiness,Country,Date,Humidity,Latitude,Longitude,Max Temp,Wind Speed
City,Cloudiness,Country,Date,Humidity,Latitude,Longitude,Max Temp,Wind Speed
City,Cloudiness,Country,Date,Humidity,Latitude,Longitude,Max Temp,Wind Speed
City,Cloudiness,Country,Date,Humidity,Latitude,Longitude,Max Temp,Wind Speed
City,Cloudiness,Country,Date,Humidity,Latitude,Longitude,Max Temp,Wind Speed
City,Cloudiness,Country,Date,Humidity,Latitude,Longitude,Max Temp,Wind Speed
City,Cloudiness,Country,Date,Humidity,Latitude,Longitude,Max Temp,Wind Speed
City,Cloudiness,Country,Date,Humidity,Latitude,Longitude,Max Temp,Wind Speed
City,Cloudiness,Country,Date,Humidity,Latitude,Longitude,Max Temp,Wind Speed
City,Cloudiness,Country,Date,Humidity,Latitude,Longitude,Max Temp,Wind Speed
City,Cloudiness,Country,Date,Humidity,Latitude,Longitude,Max Temp,Wind Speed
City,Cloudiness,Country,Date,Humidity,Latitude,Longitude,Max Temp,Wind Speed
City,Cloudiness,Country,Date,Humidity,Latitude,Longitude,Max Temp,Wind Speed
City,Cloudiness,Country,Date,Humidity,Latitude,Longitude,Max Temp,Wind Speed
City,Cloudiness,Country,Date,Humidity,Latitude,Longitude,Max Temp,Wind Speed
City,Cloudiness,Country,Date,Humidity,Latitude,Longitude,Max Temp,Wind Speed
City,Cloudiness,Country,Date,Humidity,Latitude,Longitude,Max Temp,Wind Speed
City,Cloudiness,Country,Date,Humidity,Latitude,Longitude,Max Temp,Wind Speed
City,Cloudiness,Country,Date,Humidity,Latitude,Longitude,Max Temp,Wind Speed
City,Cloudiness,Country,Date,Humidity,Latitude,Longitude,Max Temp,Wind Speed
City,Cloudiness,Country,Date,Humidity,Latitude,Longitude,Max Temp,Wind Speed
City,Cloudiness,Country,Date,Humidity,Latitude,Longitude,Max Temp,Wind Speed
City,Cloudiness,Country,Date,Humidity,Latitude,Longitude,Max Temp,Wind Speed
City,Cloudiness,Country,Date,Humidity,Latitude,Longitude,Max Temp,Wind Speed
City,Cloudiness,Country,Date,Humidity,Latitude,Longitude,Max Temp,Wind Speed
City,Cloudiness,Country,Date,Humidity,Latitude,Longitude,Max Temp,Wind Speed
City,Cloudiness,Country,Date,Humidity,Latitude,Longitude,Max Temp,Wind Speed
City,Cloudiness,Country,Date,Humidity,Latitude,Longitude,Max Temp,Wind Speed
City,Cloudiness,Country,Date,Humidity,Latitude,Longitude,Max Temp,Wind Speed
City,Cloudiness,Country,Date,Humidity,Latitude,Longitude,Max Temp,Wind Speed
City,Cloudiness,Country,Date,Humidity,Latitude,Longitude,Max Temp,Wind Speed
City,Cloudiness,Country,Date,Humidity,Latitude,Longitude,Max Temp,Wind Speed
City,Cloudiness,Country,Date,Humidity,Latitude,Longitude,Max Temp,Wind Speed
City,Cloudiness,Country,Date,Humidity,Latitude,Longitude,Max Temp,Wind Speed
City,Cloudiness,Country,Date,Humidity,Latitude,Longitude,Max Temp,Wind Speed
City,Cloudiness,Country,Date,Humidity,Latitude,Longitude,Max Temp,Wind Speed
City,Cloudiness,Country,Date,Humidity,Latitude,Longitude,Max Temp,Wind Speed
City,Cloudiness,Country,Date,Humidity,Latitude,Longitude,Max Temp,Wind Speed
City,Cloudiness,Country,Date,Humidity,Latitude,Longitude,Max Temp,Wind Speed
City,Cloudiness,Country,Date,Humidity,Latitude,Longitude,Max Temp,Wind Speed
City,Cloudiness,Country,Date,Humidity,Latitude,Longitude,Max Temp,Wind Speed
City,Cloudiness,Country,Date,Humidity,Latitude,Longitude,Max Temp,Wind Speed
City,Cloudiness,Country,Date,Humidity,Latitude,Longitude,Max Temp,Wind Speed
City,Cloudiness,Country,Date,Humidity,Latitude,Longitude,Max Temp,Wind Speed
City,Cloudiness,Country,Date,Humidity,Latitude,Longitude,Max Temp,Wind Speed
City,Cloudiness,Country,Date,Humidity,Latitude,Longitude,Max Temp,Wind Speed
City,Cloudiness,Country,Date,Humidity,Latitude,Longitude,Max Temp,Wind Speed
City,Cloudiness,Country,Date,Humidity,Latitude,Longitude,Max Temp,Wind Speed
City,Cloudiness,Country,Date,Humidity,Latitude,Longitude,Max Temp,Wind Speed
City,Cloudiness,Country,Date,Humidity,Latitude,Longitude,Max Temp,Wind Speed
City,Cloudiness,Country,Date,Humidity,Latitude,Longitude,Max Temp,Wind Speed
City,Cloudiness,Country,Date,Humidity,Latitude,Longitude,Max Temp,Wind Speed
City,Cloudiness,Country,Date,Humidity,Latitude,Longitude,Max Temp,Wind Speed
City,Cloudiness,Country,Date,Humidity,Latitude,Longitude,Max Temp,Wind Speed
City,Cloudiness,Country,Date,Humidity,Latitude,Longitude,Max Temp,Wind Speed
City,Cloudiness,Country,Date,Humidity,Latitude,Longitude,Max Temp,Wind Speed
City,Cloudiness,Country,Date,Humidity,Latitude,Longitude,Max Temp,Wind Speed
City,Cloudiness,Country,Date,Humidity,Latitude,Longitude,Max Temp,Wind Speed
City,Cloudiness,Country,Date,Humidity,Latitude,Longitude,Max Temp,Wind Speed
City,Cloudiness,Country,Date,Humidity,Latitude,Longitude,Max Temp,Wind Speed
City,Cloudiness,Country,Date,Humidity,Latitude,Longitude,Max Temp,Wind Speed
City,Cloudiness,Country,Date,Humidity,Latitude,Longitude,Max Temp,Wind Speed
City,Cloudiness,Country,Date,Humidity,Latitude,Longitude,Max Temp,Wind Speed
City,Cloudiness,Country,Date,Humidity,Latitude,Longitude,Max Temp,Wind Speed
City,Cloudiness,Country,Date,Humidity,Latitude,Longitude,Max Temp,Wind Speed
City,Cloudiness,Country,Date,Humidity,Latitude,Longitude,Max Temp,Wind Speed
City,Cloudiness,Country,Date,Humidity,Latitude,Longitude,Max Temp,Wind Speed
City,Cloudiness,Country,Date,Humidity,Latitude,Longitude,Max Temp,Wind Speed
City,Cloudiness,Country,Date,Humidity,Latitude,Longitude,Max Temp,Wind Speed
City,Cloudiness,Country,Date,Humidity,Latitude,Longitude,Max Temp,Wind Speed
City,Cloudiness,Country,Date,Humidity,Latitude,Longitude,Max Temp,Wind Speed
City,Cloudiness,Country,Date,Humidity,Latitude,Longitude,Max Temp,Wind Speed
City,Cloudiness,Country,Date,Humidity,Latitude,Longitude,Max Temp,Wind Speed
City,Cloudiness,Country,Date,Humidity,Latitude,Longitude,Max Temp,Wind Speed
City,Cloudiness,Country,Date,Humidity,Latitude,Longitude,Max Temp,Wind Speed
City,Cloudiness,Country,Date,Humidity,Latitude,Longitude,Max Temp,Wind Speed
City,Cloudiness,Country,Date,Humidity,Latitude,Longitude,Max Temp,Wind Speed
City,Cloudiness,Country,Date,Humidity,Latitude,Longitude,Max Temp,Wind Speed
City,Cloudiness,Country,Date,Humidity,Latitude,Longitude,Max Temp,Wind Speed
City,Cloudiness,Country,Date,Humidity,Latitude,Longitude,Max Temp,Wind Speed
City,Cloudiness,Country,Date,Humidity,Latitude,Longitude,Max Temp,Wind Speed
City,Cloudiness,Country,Date,Humidity,Latitude,Longitude,Max Temp,Wind Speed
City,Cloudiness,Country,Date,Humidity,Latitude,Longitude,Max Temp,Wind Speed
City,Cloudiness,Country,Date,Humidity,Latitude,Longitude,Max Temp,Wind Speed
City,Cloudiness,Country,Date,Humidity,Latitude,Longitude,Max Temp,Wind Speed
City,Cloudiness,Country,Date,Humidity,Latitude,Longitude,Max Temp,Wind Speed
City,Cloudiness,Country,Date,Humidity,Latitude,Longitude,Max Temp,Wind Speed
City,Cloudiness,Country,Date,Humidity,Latitude,Longitude,Max Temp,Wind Speed
City,Cloudiness,Country,Date,Humidity,Latitude,Longitude,Max Temp,Wind Speed
City,Cloudiness,Country,Date,Humidity,Latitude,Longitude,Max Temp,Wind Speed
City,Cloudiness,Country,Date,Humidity,Latitude,Longitude,Max Temp,Wind Speed
City,Cloudiness,Country,Date,Humidity,Latitude,Longitude,Max Temp,Wind Speed
City,Cloudiness,Country,Date,Humidity,Latitude,Longitude,Max Temp,Wind Speed
City,Cloudiness,Country,Date,Humidity,Latitude,Longitude,Max Temp,Wind Speed
City,Cloudiness,Country,Date,Humidity,Latitude,Longitude,Max Temp,Wind Speed
City,Cloudiness,Country,Date,Humidity,Latitude,Longitude,Max Temp,Wind Speed
City,Cloudiness,Country,Date,Humidity,Latitude,Longitude,Max Temp,Wind Speed
City,Cloudiness,Country,Date,Humidity,Latitude,Longitude,Max Temp,Wind Speed
City,Cloudiness,Country,Date,Humidity,Latitude,Longitude,Max Temp,Wind Speed
City,Cloudiness,Country,Date,Humidity,Latitude,Longitude,Max Temp,Wind Speed
City,Cloudiness,Country,Date,Humidity,Latitude,Longitude,Max Temp,Wind Speed
City,Cloudiness,Country,Date,Humidity,Latitude,Longitude,Max Temp,Wind Speed
City,Cloudiness,Country,Date,Humidity,Latitude,Longitude,Max Temp,Wind Speed
City,Cloudiness,Country,Date,Humidity,Latitude,Longitude,Max Temp,Wind Speed
City,Cloudiness,Country,Date,Humidity,Latitude,Longitude,Max Temp,Wind Speed
City,Cloudiness,Country,Date,Humidity,Latitude,Longitude,Max Temp,Wind Speed
City,Cloudiness,Country,Date,Humidity,Latitude,Longitude,Max Temp,Wind Speed
City,Cloudiness,Country,Date,Humidity,Latitude,Longitude,Max Temp,Wind Speed
City,Cloudiness,Country,Date,Humidity,Latitude,Longitude,Max Temp,Wind Speed
City,Cloudiness,Country,Date,Humidity,Latitude,Longitude,Max Temp,Wind Speed
City,Cloudiness,Country,Date,Humidity,Latitude,Longitude,Max Temp,Wind Speed
City,Cloudiness,Country,Date,Humidity,Latitude,Longitude,Max Temp,Wind Speed
City,Cloudiness,Country,Date,Humidity,Latitude,Longitude,Max Temp,Wind Speed
City,Cloudiness,Country,Date,Humidity,Latitude,Longitude,Max Temp,Wind Speed
City,Cloudiness,Country,Date,Humidity,Latitude,Longitude,Max Temp,Wind Speed
City,Cloudiness,Country,Date,Humidity,Latitude,Longitude,Max Temp,Wind Speed
City,Cloudiness,Country,Date,Humidity,Latitude,Longitude,Max Temp,Wind Speed
City,Cloudiness,Country,Date,Humidity,Latitude,Longitude,Max Temp,Wind Speed
City,Cloudiness,Country,Date,Humidity,Latitude,Longitude,Max Temp,Wind Speed
City,Cloudiness,Country,Date,Humidity,Latitude,Longitude,Max Temp,Wind Speed
City,Cloudiness,Country,Date,Humidity,Latitude,Longitude,Max Temp,Wind Speed
City,Cloudiness,Country,Date,Humidity,Latitude,Longitude,Max Temp,Wind Speed
City,Cloudiness,Country,Date,Humidity,Latitude,Longitude,Max Temp,Wind Speed
City,Cloudiness,Country,Date,Humidity,Latitude,Longitude,Max Temp,Wind Speed
City,Cloudiness,Country,Date,Humidity,Latitude,Longitude,Max Temp,Wind Speed
City,Cloudiness,Country,Date,Humidity,Latitude,Longitude,Max Temp,Wind Speed
City,Cloudiness,Country,Date,Humidity,Latitude,Longitude,Max Temp,Wind Speed
City,Cloudiness,Country,Date,Humidity,Latitude,Longitude,Max Temp,Wind Speed
City,Cloudiness,Country,Date,Humidity,Latitude,Longitude,Max Temp,Wind Speed
City,Cloudiness,Country,Date,Humidity,Latitude,Longitude,Max Temp,Wind Speed
City,Cloudiness,Country,Date,Humidity,Latitude,Longitude,Max Temp,Wind Speed
City,Cloudiness,Country,Date,Humidity,Latitude,Longitude,Max Temp,Wind Speed
City,Cloudiness,Country,Date,Humidity,Latitude,Longitude,Max Temp,Wind Speed
City,Cloudiness,Country,Date,Humidity,Latitude,Longitude,Max Temp,Wind Speed
City,Cloudiness,Country,Date,Humidity,Latitude,Longitude,Max Temp,Wind Speed
City,Cloudiness,Country,Date,Humidity,Latitude,Longitude,Max Temp,Wind Speed
City,Cloudiness,Country,Date,Humidity,Latitude,Longitude,Max Temp,Wind Speed
City,Cloudiness,Country,Date,Humidity,Latitude,Longitude,Max Temp,Wind Speed
City,Cloudiness,Country,Date,Humidity,Latitude,Longitude,Max Temp,Wind Speed
City,Cloudiness,Country,Date,Humidity,Latitude,Longitude,Max Temp,Wind Speed
City,Cloudiness,Country,Date,Humidity,Latitude,Longitude,Max Temp,Wind Speed
City,Cloudiness,Country,Date,Humidity,Latitude,Longitude,Max Temp,Wind Speed
City,Cloudiness,Country,Date,Humidity,Latitude,Longitude,Max Temp,Wind Speed
City,Cloudiness,Country,Date,Humidity,Latitude,Longitude,Max Temp,Wind Speed
City,Cloudiness,Country,Date,Humidity,Latitude,Longitude,Max Temp,Wind Speed
City,Cloudiness,Country,Date,Humidity,Latitude,Longitude,Max Temp,Wind Speed
City,Cloudiness,Country,Date,Humidity,Latitude,Longitude,Max Temp,Wind Speed
City,Cloudiness,Country,Date,Humidity,Latitude,Longitude,Max Temp,Wind Speed
City,Cloudiness,Country,Date,Humidity,Latitude,Longitude,Max Temp,Wind Speed
City,Cloudiness,Country,Date,Humidity,Latitude,Longitude,Max Temp,Wind Speed
City,Cloudiness,Country,Date,Humidity,Latitude,Longitude,Max Temp,Wind Speed
City,Cloudiness,Country,Date,Humidity,Latitude,Longitude,Max Temp,Wind Speed
City,Cloudiness,Country,Date,Humidity,Latitude,Longitude,Max Temp,Wind Speed
City,Cloudiness,Country,Date,Humidity,Latitude,Longitude,Max Temp,Wind Speed
City,Cloudiness,Country,Date,Humidity,Latitude,Longitude,Max Temp,Wind Speed
City,Cloudiness,Country,Date,Humidity,Latitude,Longitude,Max Temp,Wind Speed
City,Cloudiness,Country,Date,Humidity,Latitude,Longitude,Max Temp,Wind Speed
City,Cloudiness,Country,Date,Humidity,Latitude,Longitude,Max Temp,Wind Speed
City,Cloudiness,Country,Date,Humidity,Latitude,Longitude,Max Temp,Wind Speed
City,Cloudiness,Country,Date,Humidity,Latitude,Longitude,Max Temp,Wind Speed
City,Cloudiness,Country,Date,Humidity,Latitude,Longitude,Max Temp,Wind Speed
City,Cloudiness,Country,Date,Humidity,Latitude,Longitude,Max Temp,Wind Speed
City,Cloudiness,Country,Date,Humidity,Latitude,Longitude,Max Temp,Wind Speed
City,Cloudiness,Country,Date,Humidity,Latitude,Longitude,Max Temp,Wind Speed
City,Cloudiness,Country,Date,Humidity,Latitude,Longitude,Max Temp,Wind Speed
City,Cloudiness,Country,Date,Humidity,Latitude,Longitude,Max Temp,Wind Speed
City,Cloudiness,Country,Date,Humidity,Latitude,Longitude,Max Temp,Wind Speed
City,Cloudiness,Country,Date,Humidity,Latitude,Longitude,Max Temp,Wind Speed
City,Cloudiness,Country,Date,Humidity,Latitude,Longitude,Max Temp,Wind Speed
City,Cloudiness,Country,Date,Humidity,Latitude,Longitude,Max Temp,Wind Speed
City,Cloudiness,Country,Date,Humidity,Latitude,Longitude,Max Temp,Wind Speed
City,Cloudiness,Country,Date,Humidity,Latitude,Longitude,Max Temp,Wind Speed
City,Cloudiness,Country,Date,Humidity,Latitude,Longitude,Max Temp,Wind Speed
City,Cloudiness,Country,Date,Humidity,Latitude,Longitude,Max Temp,Wind Speed
City,Cloudiness,Country,Date,Humidity,Latitude,Longitude,Max Temp,Wind Speed
City,Cloudiness,Country,Date,Humidity,Latitude,Longitude,Max Temp,Wind Speed
City,Cloudiness,Country,Date,Humidity,Latitude,Longitude,Max Temp,Wind Speed
City,Cloudiness,Country,Date,Humidity,Latitude,Longitude,Max Temp,Wind Speed
City,Cloudiness,Country,Date,Humidity,Latitude,Longitude,Max Temp,Wind Speed
City,Cloudiness,Country,Date,Humidity,Latitude,Longitude,Max Temp,Wind Speed
City,Cloudiness,Country,Date,Humidity,Latitude,Longitude,Max Temp,Wind Speed
City,Cloudiness,Country,Date,Humidity,Latitude,Longitude,Max Temp,Wind Speed
City,Cloudiness,Country,Date,Humidity,Latitude,Longitude,Max Temp,Wind Speed
City,Cloudiness,Country,Date,Humidity,Latitude,Longitude,Max Temp,Wind Speed
City,Cloudiness,Country,Date,Humidity,Latitude,Longitude,Max Temp,Wind Speed
City,Cloudiness,Country,Date,Humidity,Latitude,Longitude,Max Temp,Wind Speed
City,Cloudiness,Country,Date,Humidity,Latitude,Longitude,Max Temp,Wind Speed
City,Cloudiness,Country,Date,Humidity,Latitude,Longitude,Max Temp,Wind Speed
City,Cloudiness,Country,Date,Humidity,Latitude,Longitude,Max Temp,Wind Speed
City,Cloudiness,Country,Date,Humidity,Latitude,Longitude,Max Temp,Wind Speed
City,Cloudiness,Country,Date,Humidity,Latitude,Longitude,Max Temp,Wind Speed
City,Cloudiness,Country,Date,Humidity,Latitude,Longitude,Max Temp,Wind Speed
City,Cloudiness,Country,Date,Humidity,Latitude,Longitude,Max Temp,Wind Speed
City,Cloudiness,Country,Date,Humidity,Latitude,Longitude,Max Temp,Wind Speed
City,Cloudiness,Country,Date,Humidity,Latitude,Longitude,Max Temp,Wind Speed
City,Cloudiness,Country,Date,Humidity,Latitude,Longitude,Max Temp,Wind Speed
City,Cloudiness,Country,Date,Humidity,Latitude,Longitude,Max Temp,Wind Speed
City,Cloudiness,Country,Date,Humidity,Latitude,Longitude,Max Temp,Wind Speed
City,Cloudiness,Country,Date,Humidity,Latitude,Longitude,Max Temp,Wind Speed
City,Cloudiness,Country,Date,Humidity,Latitude,Longitude,Max Temp,Wind Speed
City,Cloudiness,Country,Date,Humidity,Latitude,Longitude,Max Temp,Wind Speed
City,Cloudiness,Country,Date,Humidity,Latitude,Longitude,Max Temp,Wind Speed
City,Cloudiness,Country,Date,Humidity,Latitude,Longitude,Max Temp,Wind Speed
City,Cloudiness,Country,Date,Humidity,Latitude,Longitude,Max Temp,Wind Speed
City,Cloudiness,Country,Date,Humidity,Latitude,Longitude,Max Temp,Wind Speed
City,Cloudiness,Country,Date,Humidity,Latitude,Longitude,Max Temp,Wind Speed
City,Cloudiness,Country,Date,Humidity,Latitude,Longitude,Max Temp,Wind Speed
City,Cloudiness,Country,Date,Humidity,Latitude,Longitude,Max Temp,Wind Speed
City,Cloudiness,Country,Date,Humidity,Latitude,Longitude,Max Temp,Wind Speed
City,Cloudiness,Country,Date,Humidity,Latitude,Longitude,Max Temp,Wind Speed
City,Cloudiness,Country,Date,Humidity,Latitude,Longitude,Max Temp,Wind Speed
City,Cloudiness,Country,Date,Humidity,Latitude,Longitude,Max Temp,Wind Speed
City,Cloudiness,Country,Date,Humidity,Latitude,Longitude,Max Temp,Wind Speed
City,Cloudiness,Country,Date,Humidity,Latitude,Longitude,Max Temp,Wind Speed
City,Cloudiness,Country,Date,Humidity,Latitude,Longitude,Max Temp,Wind Speed
City,Cloudiness,Country,Date,Humidity,Latitude,Longitude,Max Temp,Wind Speed
City,Cloudiness,Country,Date,Humidity,Latitude,Longitude,Max Temp,Wind Speed
City,Cloudiness,Country,Date,Humidity,Latitude,Longitude,Max Temp,Wind Speed
City,Cloudiness,Country,Date,Humidity,Latitude,Longitude,Max Temp,Wind Speed
City,Cloudiness,Country,Date,Humidity,Latitude,Longitude,Max Temp,Wind Speed
City,Cloudiness,Country,Date,Humidity,Latitude,Longitude,Max Temp,Wind Speed
City,Cloudiness,Country,Date,Humidity,Latitude,Longitude,Max Temp,Wind Speed
City,Cloudiness,Country,Date,Humidity,Latitude,Longitude,Max Temp,Wind Speed
City,Cloudiness,Country,Date,Humidity,Latitude,Longitude,Max Temp,Wind Speed
City,Cloudiness,Country,Date,Humidity,Latitude,Longitude,Max Temp,Wind Speed
City,Cloudiness,Country,Date,Humidity,Latitude,Longitude,Max Temp,Wind Speed
City,Cloudiness,Country,Date,Humidity,Latitude,Longitude,Max Temp,Wind Speed
City,Cloudiness,Country,Date,Humidity,Latitude,Longitude,Max Temp,Wind Speed
City,Cloudiness,Country,Date,Humidity,Latitude,Longitude,Max Temp,Wind Speed
City,Cloudiness,Country,Date,Humidity,Latitude,Longitude,Max Temp,Wind Speed
City,Cloudiness,Country,Date,Humidity,Latitude,Longitude,Max Temp,Wind Speed
City,Cloudiness,Country,Date,Humidity,Latitude,Longitude,Max Temp,Wind Speed
City,Cloudiness,Country,Date,Humidity,Latitude,Longitude,Max Temp,Wind Speed
City,Cloudiness,Country,Date,Humidity,Latitude,Longitude,Max Temp,Wind Speed
City,Cloudiness,Country,Date,Humidity,Latitude,Longitude,Max Temp,Wind Speed
City,Cloudiness,Country,Date,Humidity,Latitude,Longitude,Max Temp,Wind Speed
City,Cloudiness,Country,Date,Humidity,Latitude,Longitude,Max Temp,Wind Speed
City,Cloudiness,Country,Date,Humidity,Latitude,Longitude,Max Temp,Wind Speed
City,Cloudiness,Country,Date,Humidity,Latitude,Longitude,Max Temp,Wind Speed
City,Cloudiness,Country,Date,Humidity,Latitude,Longitude,Max Temp,Wind Speed
City,Cloudiness,Country,Date,Humidity,Latitude,Longitude,Max Temp,Wind Speed
City,Cloudiness,Country,Date,Humidity,Latitude,Longitude,Max Temp,Wind Speed
City,Cloudiness,Country,Date,Humidity,Latitude,Longitude,Max Temp,Wind Speed
City,Cloudiness,Country,Date,Humidity,Latitude,Longitude,Max Temp,Wind Speed
City,Cloudiness,Country,Date,Humidity,Latitude,Longitude,Max Temp,Wind Speed
City,Cloudiness,Country,Date,Humidity,Latitude,Longitude,Max Temp,Wind Speed
City,Cloudiness,Country,Date,Humidity,Latitude,Longitude,Max Temp,Wind Speed
City,Cloudiness,Country,Date,Humidity,Latitude,Longitude,Max Temp,Wind Speed
City,Cloudiness,Country,Date,Humidity,Latitude,Longitude,Max Temp,Wind Speed
City,Cloudiness,Country,Date,Humidity,Latitude,Longitude,Max Temp,Wind Speed
City,Cloudiness,Country,Date,Humidity,Latitude,Longitude,Max Temp,Wind Speed
City,Cloudiness,Country,Date,Humidity,Latitude,Longitude,Max Temp,Wind Speed
City,Cloudiness,Country,Date,Humidity,Latitude,Longitude,Max Temp,Wind Speed
City,Cloudiness,Country,Date,Humidity,Latitude,Longitude,Max Temp,Wind Speed
City,Cloudiness,Country,Date,Humidity,Latitude,Longitude,Max Temp,Wind Speed
City,Cloudiness,Country,Date,Humidity,Latitude,Longitude,Max Temp,Wind Speed
City,Cloudiness,Country,Date,Humidity,Latitude,Longitude,Max Temp,Wind Speed
City,Cloudiness,Country,Date,Humidity,Latitude,Longitude,Max Temp,Wind Speed
City,Cloudiness,Country,Date,Humidity,Latitude,Longitude,Max Temp,Wind Speed
City,Cloudiness,Country,Date,Humidity,Latitude,Longitude,Max Temp,Wind Speed
City,Cloudiness,Country,Date,Humidity,Latitude,Longitude,Max Temp,Wind Speed
City,Cloudiness,Country,Date,Humidity,Latitude,Longitude,Max Temp,Wind Speed
City,Cloudiness,Country,Date,Humidity,Latitude,Longitude,Max Temp,Wind Speed
City,Cloudiness,Country,Date,Humidity,Latitude,Longitude,Max Temp,Wind Speed
City,Cloudiness,Country,Date,Humidity,Latitude,Longitude,Max Temp,Wind Speed
City,Cloudiness,Country,Date,Humidity,Latitude,Longitude,Max Temp,Wind Speed
City,Cloudiness,Country,Date,Humidity,Latitude,Longitude,Max Temp,Wind Speed
City,Cloudiness,Country,Date,Humidity,Latitude,Longitude,Max Temp,Wind Speed
City,Cloudiness,Country,Date,Humidity,Latitude,Longitude,Max Temp,Wind Speed
City,Cloudiness,Country,Date,Humidity,Latitude,Longitude,Max Temp,Wind Speed
City,Cloudiness,Country,Date,Humidity,Latitude,Longitude,Max Temp,Wind Speed
City,Cloudiness,Country,Date,Humidity,Latitude,Longitude,Max Temp,Wind Speed
City,Cloudiness,Country,Date,Humidity,Latitude,Longitude,Max Temp,Wind Speed
City,Cloudiness,Country,Date,Humidity,Latitude,Longitude,Max Temp,Wind Speed
City,Cloudiness,Country,Date,Humidity,Latitude,Longitude,Max Temp,Wind Speed
City,Cloudiness,Country,Date,Humidity,Latitude,Longitude,Max Temp,Wind Speed
City,Cloudiness,Country,Date,Humidity,Latitude,Longitude,Max Temp,Wind Speed
City,Cloudiness,Country,Date,Humidity,Latitude,Longitude,Max Temp,Wind Speed
City,Cloudiness,Country,Date,Humidity,Latitude,Longitude,Max Temp,Wind Speed
City,Cloudiness,Country,Date,Humidity,Latitude,Longitude,Max Temp,Wind Speed
City,Cloudiness,Country,Date,Humidity,Latitude,Longitude,Max Temp,Wind Speed
City,Cloudiness,Country,Date,Humidity,Latitude,Longitude,Max Temp,Wind Speed
City,Cloudiness,Country,Date,Humidity,Latitude,Longitude,Max Temp,Wind Speed
City,Cloudiness,Country,Date,Humidity,Latitude,Longitude,Max Temp,Wind Speed
City,Cloudiness,Country,Date,Humidity,Latitude,Longitude,Max Temp,Wind Speed
City,Cloudiness,Country,Date,Humidity,Latitude,Longitude,Max Temp,Wind Speed
City,Cloudiness,Country,Date,Humidity,Latitude,Longitude,Max Temp,Wind Speed
City,Cloudiness,Country,Date,Humidity,Latitude,Longitude,Max Temp,Wind Speed
City,Cloudiness,Country,Date,Humidity,Latitude,Longitude,Max Temp,Wind Speed
City,Cloudiness,Country,Date,Humidity,Latitude,Longitude,Max Temp,Wind Speed
City,Cloudiness,Country,Date,Humidity,Latitude,Longitude,Max Temp,Wind Speed
City,Cloudiness,Country,Date,Humidity,Latitude,Longitude,Max Temp,Wind Speed
City,Cloudiness,Country,Date,Humidity,Latitude,Longitude,Max Temp,Wind Speed
City,Cloudiness,Country,Date,Humidity,Latitude,Longitude,Max Temp,Wind Speed
City,Cloudiness,Country,Date,Humidity,Latitude,Longitude,Max Temp,Wind Speed
City,Cloudiness,Country,Date,Humidity,Latitude,Longitude,Max Temp,Wind Speed
City,Cloudiness,Country,Date,Humidity,Latitude,Longitude,Max Temp,Wind Speed
City,Cloudiness,Country,Date,Humidity,Latitude,Longitude,Max Temp,Wind Speed
City,Cloudiness,Country,Date,Humidity,Latitude,Longitude,Max Temp,Wind Speed
City,Cloudiness,Country,Date,Humidity,Latitude,Longitude,Max Temp,Wind Speed
City,Cloudiness,Country,Date,Humidity,Latitude,Longitude,Max Temp,Wind Speed
City,Cloudiness,Country,Date,Humidity,Latitude,Longitude,Max Temp,Wind Speed
City,Cloudiness,Country,Date,Humidity,Latitude,Longitude,Max Temp,Wind Speed
City,Cloudiness,Country,Date,Humidity,Latitude,Longitude,Max Temp,Wind Speed
City,Cloudiness,Country,Date,Humidity,Latitude,Longitude,Max Temp,Wind Speed
City,Cloudiness,Country,Date,Humidity,Latitude,Longitude,Max Temp,Wind Speed
City,Cloudiness,Country,Date,Humidity,Latitude,Longitude,Max Temp,Wind Speed
City,Cloudiness,Country,Date,Humidity,Latitude,Longitude,Max Temp,Wind Speed
City,Cloudiness,Country,Date,Humidity,Latitude,Longitude,Max Temp,Wind Speed
City,Cloudiness,Country,Date,Humidity,Latitude,Longitude,Max Temp,Wind Speed
City,Cloudiness,Country,Date,Humidity,Latitude,Longitude,Max Temp,Wind Speed
City,Cloudiness,Country,Date,Humidity,Latitude,Longitude,Max Temp,Wind Speed
City,Cloudiness,Country,Date,Humidity,Latitude,Longitude,Max Temp,Wind Speed
City,Cloudiness,Country,Date,Humidity,Latitude,Longitude,Max Temp,Wind Speed
City,Cloudiness,Country,Date,Humidity,Latitude,Longitude,Max Temp,Wind Speed
City,Cloudiness,Country,Date,Humidity,Latitude,Longitude,Max Temp,Wind Speed
City,Cloudiness,Country,Date,Humidity,Latitude,Longitude,Max Temp,Wind Speed
City,Cloudiness,Country,Date,Humidity,Latitude,Longitude,Max Temp,Wind Speed
City,Cloudiness,Country,Date,Humidity,Latitude,Longitude,Max Temp,Wind Speed
City,Cloudiness,Country,Date,Humidity,Latitude,Longitude,Max Temp,Wind Speed
City,Cloudiness,Country,Date,Humidity,Latitude,Longitude,Max Temp,Wind Speed
City,Cloudiness,Country,Date,Humidity,Latitude,Longitude,Max Temp,Wind Speed
City,Cloudiness,Country,Date,Humidity,Latitude,Longitude,Max Temp,Wind Speed
City,Cloudiness,Country,Date,Humidity,Latitude,Longitude,Max Temp,Wind Speed
City,Cloudiness,Country,Date,Humidity,Latitude,Longitude,Max Temp,Wind Speed
City,Cloudiness,Country,Date,Humidity,Latitude,Longitude,Max Temp,Wind Speed
City,Cloudiness,Country,Date,Humidity,Latitude,Longitude,Max Temp,Wind Speed
City,Cloudiness,Country,Date,Humidity,Latitude,Longitude,Max Temp,Wind Speed
City,Cloudiness,Country,Date,Humidity,Latitude,Longitude,Max Temp,Wind Speed
City,Cloudiness,Country,Date,Humidity,Latitude,Longitude,Max Temp,Wind Speed
City,Cloudiness,Country,Date,Humidity,Latitude,Longitude,Max Temp,Wind Speed
City,Cloudiness,Country,Date,Humidity,Latitude,Longitude,Max Temp,Wind Speed
City,Cloudiness,Country,Date,Humidity,Latitude,Longitude,Max Temp,Wind Speed
City,Cloudiness,Country,Date,Humidity,Latitude,Longitude,Max Temp,Wind Speed
City,Cloudiness,Country,Date,Humidity,Latitude,Longitude,Max Temp,Wind Speed
City,Cloudiness,Country,Date,Humidity,Latitude,Longitude,Max Temp,Wind Speed
City,Cloudiness,Country,Date,Humidity,Latitude,Longitude,Max Temp,Wind Speed
City,Cloudiness,Country,Date,Humidity,Latitude,Longitude,Max Temp,Wind Speed
City,Cloudiness,Country,Date,Humidity,Latitude,Longitude,Max Temp,Wind Speed
City,Cloudiness,Country,Date,Humidity,Latitude,Longitude,Max Temp,Wind Speed
City,Cloudiness,Country,Date,Humidity,Latitude,Longitude,Max Temp,Wind Speed
City,Cloudiness,Country,Date,Humidity,Latitude,Longitude,Max Temp,Wind Speed
City,Cloudiness,Country,Date,Humidity,Latitude,Longitude,Max Temp,Wind Speed
City,Cloudiness,Country,Date,Humidity,Latitude,Longitude,Max Temp,Wind Speed
City,Cloudiness,Country,Date,Humidity,Latitude,Longitude,Max Temp,Wind Speed
City,Cloudiness,Country,Date,Humidity,Latitude,Longitude,Max Temp,Wind Speed
City,Cloudiness,Country,Date,Humidity,Latitude,Longitude,Max Temp,Wind Speed
City,Cloudiness,Country,Date,Humidity,Latitude,Longitude,Max Temp,Wind Speed
City,Cloudiness,Country,Date,Humidity,Latitude,Longitude,Max Temp,Wind Speed
City,Cloudiness,Country,Date,Humidity,Latitude,Longitude,Max Temp,Wind Speed
City,Cloudiness,Country,Date,Humidity,Latitude,Longitude,Max Temp,Wind Speed
City,Cloudiness,Country,Date,Humidity,Latitude,Longitude,Max Temp,Wind Speed
City,Cloudiness,Country,Date,Humidity,Latitude,Longitude,Max Temp,Wind Speed
City,Cloudiness,Country,Date,Humidity,Latitude,Longitude,Max Temp,Wind Speed
City,Cloudiness,Country,Date,Humidity,Latitude,Longitude,Max Temp,Wind Speed
City,Cloudiness,Country,Date,Humidity,Latitude,Longitude,Max Temp,Wind Speed
City,Cloudiness,Country,Date,Humidity,Latitude,Longitude,Max Temp,Wind Speed
City,Cloudiness,Country,Date,Humidity,Latitude,Longitude,Max Temp,Wind Speed
City,Cloudiness,Country,Date,Humidity,Latitude,Longitude,Max Temp,Wind Speed
City,Cloudiness,Country,Date,Humidity,Latitude,Longitude,Max Temp,Wind Speed
City,Cloudiness,Country,Date,Humidity,Latitude,Longitude,Max Temp,Wind Speed
City,Cloudiness,Country,Date,Humidity,Latitude,Longitude,Max Temp,Wind Speed
City,Cloudiness,Country,Date,Humidity,Latitude,Longitude,Max Temp,Wind Speed
City,Cloudiness,Country,Date,Humidity,Latitude,Longitude,Max Temp,Wind Speed
City,Cloudiness,Country,Date,Humidity,Latitude,Longitude,Max Temp,Wind Speed
City,Cloudiness,Country,Date,Humidity,Latitude,Longitude,Max Temp,Wind Speed
City,Cloudiness,Country,Date,Humidity,Latitude,Longitude,Max Temp,Wind Speed
City,Cloudiness,Country,Date,Humidity,Latitude,Longitude,Max Temp,Wind Speed
City,Cloudiness,Country,Date,Humidity,Latitude,Longitude,Max Temp,Wind Speed
City,Cloudiness,Country,Date,Humidity,Latitude,Longitude,Max Temp,Wind Speed
City,Cloudiness,Country,Date,Humidity,Latitude,Longitude,Max Temp,Wind Speed
City,Cloudiness,Country,Date,Humidity,Latitude,Longitude,Max Temp,Wind Speed
City,Cloudiness,Country,Date,Humidity,Latitude,Longitude,Max Temp,Wind Speed
City,Cloudiness,Country,Date,Humidity,Latitude,Longitude,Max Temp,Wind Speed
City,Cloudiness,Country,Date,Humidity,Latitude,Longitude,Max Temp,Wind Speed
City,Cloudiness,Country,Date,Humidity,Latitude,Longitude,Max Temp,Wind Speed
City,Cloudiness,Country,Date,Humidity,Latitude,Longitude,Max Temp,Wind Speed
City,Cloudiness,Country,Date,Humidity,Latitude,Longitude,Max Temp,Wind Speed
City,Cloudiness,Country,Date,Humidity,Latitude,Longitude,Max Temp,Wind Speed
City,Cloudiness,Country,Date,Humidity,Latitude,Longitude,Max Temp,Wind Speed
City,Cloudiness,Country,Date,Humidity,Latitude,Longitude,Max Temp,Wind Speed
City,Cloudiness,Country,Date,Humidity,Latitude,Longitude,Max Temp,Wind Speed
City,Cloudiness,Country,Date,Humidity,Latitude,Longitude,Max Temp,Wind Speed
City,Cloudiness,Country,Date,Humidity,Latitude,Longitude,Max Temp,Wind Speed
City,Cloudiness,Country,Date,Humidity,Latitude,Longitude,Max Temp,Wind Speed
City,Cloudiness,Country,Date,Humidity,Latitude,Longitude,Max Temp,Wind Speed
City,Cloudiness,Country,Date,Humidity,Latitude,Longitude,Max Temp,Wind Speed
City,Cloudiness,Country,Date,Humidity,Latitude,Longitude,Max Temp,Wind Speed
City,Cloudiness,Country,Date,Humidity,Latitude,Longitude,Max Temp,Wind Speed
City,Cloudiness,Country,Date,Humidity,Latitude,Longitude,Max Temp,Wind Speed
City,Cloudiness,Country,Date,Humidity,Latitude,Longitude,Max Temp,Wind Speed
City,Cloudiness,Country,Date,Humidity,Latitude,Longitude,Max Temp,Wind Speed
City,Cloudiness,Country,Date,Humidity,Latitude,Longitude,Max Temp,Wind Speed
City,Cloudiness,Country,Date,Humidity,Latitude,Longitude,Max Temp,Wind Speed
City,Cloudiness,Country,Date,Humidity,Latitude,Longitude,Max Temp,Wind Speed
City,Cloudiness,Country,Date,Humidity,Latitude,Longitude,Max Temp,Wind Speed
City,Cloudiness,Country,Date,Humidity,Latitude,Longitude,Max Temp,Wind Speed
City,Cloudiness,Country,Date,Humidity,Latitude,Longitude,Max Temp,Wind Speed
City,Cloudiness,Country,Date,Humidity,Latitude,Longitude,Max Temp,Wind Speed
City,Cloudiness,Country,Date,Humidity,Latitude,Longitude,Max Temp,Wind Speed
City,Cloudiness,Country,Date,Humidity,Latitude,Longitude,Max Temp,Wind Speed
City,Cloudiness,Country,Date,Humidity,Latitude,Longitude,Max Temp,Wind Speed
City,Cloudiness,Country,Date,Humidity,Latitude,Longitude,Max Temp,Wind Speed
City,Cloudiness,Country,Date,Humidity,Latitude,Longitude,Max Temp,Wind Speed
City,Cloudiness,Country,Date,Humidity,Latitude,Longitude,Max Temp,Wind Speed
City,Cloudiness,Country,Date,Humidity,Latitude,Longitude,Max Temp,Wind Speed
City,Cloudiness,Country,Date,Humidity,Latitude,Longitude,Max Temp,Wind Speed
City,Cloudiness,Country,Date,Humidity,Latitude,Longitude,Max Temp,Wind Speed
City,Cloudiness,Country,Date,Humidity,Latitude,Longitude,Max Temp,Wind Speed
City,Cloudiness,Country,Date,Humidity,Latitude,Longitude,Max Temp,Wind Speed
City,Cloudiness,Country,Date,Humidity,Latitude,Longitude,Max Temp,Wind Speed
City,Cloudiness,Country,Date,Humidity,Latitude,Longitude,Max Temp,Wind Speed
City,Cloudiness,Country,Date,Humidity,Latitude,Longitude,Max Temp,Wind Speed
City,Cloudiness,Country,Date,Humidity,Latitude,Longitude,Max Temp,Wind Speed
City,Cloudiness,Country,Date,Humidity,Latitude,Longitude,Max Temp,Wind Speed
City,Cloudiness,Country,Date,Humidity,Latitude,Longitude,Max Temp,Wind Speed
City,Cloudiness,Country,Date,Humidity,Latitude,Longitude,Max Temp,Wind Speed
City,Cloudiness,Country,Date,Humidity,Latitude,Longitude,Max Temp,Wind Speed
City,Cloudiness,Country,Date,Humidity,Latitude,Longitude,Max Temp,Wind Speed
City,Cloudiness,Country,Date,Humidity,Latitude,Longitude,Max Temp,Wind Speed
City,Cloudiness,Country,Date,Humidity,Latitude,Longitude,Max Temp,Wind Speed
City,Cloudiness,Country,Date,Humidity,Latitude,Longitude,Max Temp,Wind Speed
City,Cloudiness,Country,Date,Humidity,Latitude,Longitude,Max Temp,Wind Speed
City,Cloudiness,Country,Date,Humidity,Latitude,Longitude,Max Temp,Wind Speed
City,Cloudiness,Country,Date,Humidity,Latitude,Longitude,Max Temp,Wind Speed
City,Cloudiness,Country,Date,Humidity,Latitude,Longitude,Max Temp,Wind Speed
City,Cloudiness,Country,Date,Humidity,Latitude,Longitude,Max Temp,Wind Speed
City,Cloudiness,Country,Date,Humidity,Latitude,Longitude,Max Temp,Wind Speed
City,Cloudiness,Country,Date,Humidity,Latitude,Longitude,Max Temp,Wind Speed
City,Cloudiness,Country,Date,Humidity,Latitude,Longitude,Max Temp,Wind Speed
City,Cloudiness,Country,Date,Humidity,Latitude,Longitude,Max Temp,Wind Speed
City,Cloudiness,Country,Date,Humidity,Latitude,Longitude,Max Temp,Wind Speed
City,Cloudiness,Country,Date,Humidity,Latitude,Longitude,Max Temp,Wind Speed
City,Cloudiness,Country,Date,Humidity,Latitude,Longitude,Max Temp,Wind Speed
City,Cloudiness,Country,Date,Humidity,Latitude,Longitude,Max Temp,Wind Speed
City,Cloudiness,Country,Date,Humidity,Latitude,Longitude,Max Temp,Wind Speed
City,Cloudiness,Country,Date,Humidity,Latitude,Longitude,Max Temp,Wind Speed
City,Cloudiness,Country,Date,Humidity,Latitude,Longitude,Max Temp,Wind Speed
City,Cloudiness,Country,Date,Humidity,Latitude,Longitude,Max Temp,Wind Speed
City,Cloudiness,Country,Date,Humidity,Latitude,Longitude,Max Temp,Wind Speed
City,Cloudiness,Country,Date,Humidity,Latitude,Longitude,Max Temp,Wind Speed
City,Cloudiness,Country,Date,Humidity,Latitude,Longitude,Max Temp,Wind Speed
City,Cloudiness,Country,Date,Humidity,Latitude,Longitude,Max Temp,Wind Speed
City,Cloudiness,Country,Date,Humidity,Latitude,Longitude,Max Temp,Wind Speed
City,Cloudiness,Country,Date,Humidity,Latitude,Longitude,Max Temp,Wind Speed
City,Cloudiness,Country,Date,Humidity,Latitude,Longitude,Max Temp,Wind Speed
City,Cloudiness,Country,Date,Humidity,Latitude,Longitude,Max Temp,Wind Speed
City,Cloudiness,Country,Date,Humidity,Latitude,Longitude,Max Temp,Wind Speed
City,Cloudiness,Country,Date,Humidity,Latitude,Longitude,Max Temp,Wind Speed
City,Cloudiness,Country,Date,Humidity,Latitude,Longitude,Max Temp,Wind Speed
City,Cloudiness,Country,Date,Humidity,Latitude,Longitude,Max Temp,Wind Speed
City,Cloudiness,Country,Date,Humidity,Latitude,Longitude,Max Temp,Wind Speed
City,Cloudiness,Country,Date,Humidity,Latitude,Longitude,Max Temp,Wind Speed
City,Cloudiness,Country,Date,Humidity,Latitude,Longitude,Max Temp,Wind Speed
City,Cloudiness,Country,Date,Humidity,Latitude,Longitude,Max Temp,Wind Speed
City,Cloudiness,Country,Date,Humidity,Latitude,Longitude,Max Temp,Wind Speed
City,Cloudiness,Country,Date,Humidity,Latitude,Longitude,Max Temp,Wind Speed
City,Cloudiness,Country,Date,Humidity,Latitude,Longitude,Max Temp,Wind Speed
City,Cloudiness,Country,Date,Humidity,Latitude,Longitude,Max Temp,Wind Speed
City,Cloudiness,Country,Date,Humidity,Latitude,Longitude,Max Temp,Wind Speed
City,Cloudiness,Country,Date,Humidity,Latitude,Longitude,Max Temp,Wind Speed
City,Cloudiness,Country,Date,Humidity,Latitude,Longitude,Max Temp,Wind Speed
City,Cloudiness,Country,Date,Humidity,Latitude,Longitude,Max Temp,Wind Speed
City,Cloudiness,Country,Date,Humidity,Latitude,Longitude,Max Temp,Wind Speed
City,Cloudiness,Country,Date,Humidity,Latitude,Longitude,Max Temp,Wind Speed
City,Cloudiness,Country,Date,Humidity,Latitude,Longitude,Max Temp,Wind Speed
City,Cloudiness,Country,Date,Humidity,Latitude,Longitude,Max Temp,Wind Speed
City,Cloudiness,Country,Date,Humidity,Latitude,Longitude,Max Temp,Wind Speed
City,Cloudiness,Country,Date,Humidity,Latitude,Longitude,Max Temp,Wind Speed
City,Cloudiness,Country,Date,Humidity,Latitude,Longitude,Max Temp,Wind Speed
City,Cloudiness,Country,Date,Humidity,Latitude,Longitude,Max Temp,Wind Speed
City,Cloudiness,Country,Date,Humidity,Latitude,Longitude,Max Temp,Wind Speed
City,Cloudiness,Country,Date,Humidity,Latitude,Longitude,Max Temp,Wind Speed
City,Cloudiness,Country,Date,Humidity,Latitude,Longitude,Max Temp,Wind Speed
City,Cloudiness,Country,Date,Humidity,Latitude,Longitude,Max Temp,Wind Speed
City,Cloudiness,Country,Date,Humidity,Latitude,Longitude,Max Temp,Wind Speed
City,Cloudiness,Country,Date,Humidity,Latitude,Longitude,Max Temp,Wind Speed
City,Cloudiness,Country,Date,Humidity,Latitude,Longitude,Max Temp,Wind Speed
City,Cloudiness,Country,Date,Humidity,Latitude,Longitude,Max Temp,Wind Speed
City,Cloudiness,Country,Date,Humidity,Latitude,Longitude,Max Temp,Wind Speed
City,Cloudiness,Country,Date,Humidity,Latitude,Longitude,Max Temp,Wind Speed
City,Cloudiness,Country,Date,Humidity,Latitude,Longitude,Max Temp,Wind Speed
City,Cloudiness,Country,Date,Humidity,Latitude,Longitude,Max Temp,Wind Speed
City,Cloudiness,Country,Date,Humidity,Latitude,Longitude,Max Temp,Wind Speed
City,Cloudiness,Country,Date,Humidity,Latitude,Longitude,Max Temp,Wind Speed
City,Cloudiness,Country,Date,Humidity,Latitude,Longitude,Max Temp,Wind Speed
City,Cloudiness,Country,Date,Humidity,Latitude,Longitude,Max Temp,Wind Speed
City,Cloudiness,Country,Date,Humidity,Latitude,Longitude,Max Temp,Wind Speed
City,Cloudiness,Country,Date,Humidity,Latitude,Longitude,Max Temp,Wind Speed
City,Cloudiness,Country,Date,Humidity,Latitude,Longitude,Max Temp,Wind Speed
City,Cloudiness,Country,Date,Humidity,Latitude,Longitude,Max Temp,Wind Speed
City,Cloudiness,Country,Date,Humidity,Latitude,Longitude,Max Temp,Wind Speed
City,Cloudiness,Country,Date,Humidity,Latitude,Longitude,Max Temp,Wind Speed
City,Cloudiness,Country,Date,Humidity,Latitude,Longitude,Max Temp,Wind Speed
City,Cloudiness,Country,Date,Humidity,Latitude,Longitude,Max Temp,Wind Speed
City,Cloudiness,Country,Date,Humidity,Latitude,Longitude,Max Temp,Wind Speed
City,Cloudiness,Country,Date,Humidity,Latitude,Longitude,Max Temp,Wind Speed
City,Cloudiness,Country,Date,Humidity,Latitude,Longitude,Max Temp,Wind Speed
City,Cloudiness,Country,Date,Humidity,Latitude,Longitude,Max Temp,Wind Speed
City,Cloudiness,Country,Date,Humidity,Latitude,Longitude,Max Temp,Wind Speed
City,Cloudiness,Country,Date,Humidity,Latitude,Longitude,Max Temp,Wind Speed
City,Cloudiness,Country,Date,Humidity,Latitude,Longitude,Max Temp,Wind Speed
City,Cloudiness,Country,Date,Humidity,Latitude,Longitude,Max Temp,Wind Speed
City,Cloudiness,Country,Date,Humidity,Latitude,Longitude,Max Temp,Wind Speed
City,Cloudiness,Country,Date,Humidity,Latitude,Longitude,Max Temp,Wind Speed
City,Cloudiness,Country,Date,Humidity,Latitude,Longitude,Max Temp,Wind Speed
City,Cloudiness,Country,Date,Humidity,Latitude,Longitude,Max Temp,Wind Speed
City,Cloudiness,Country,Date,Humidity,Latitude,Longitude,Max Temp,Wind Speed
City,Cloudiness,Country,Date,Humidity,Latitude,Longitude,Max Temp,Wind Speed
City,Cloudiness,Country,Date,Humidity,Latitude,Longitude,Max Temp,Wind Speed
City,Cloudiness,Country,Date,Humidity,Latitude,Longitude,Max Temp,Wind Speed
City,Cloudiness,Country,Date,Humidity,Latitude,Longitude,Max Temp,Wind Speed
City,Cloudiness,Country,Date,Humidity,Latitude,Longitude,Max Temp,Wind Speed
City,Cloudiness,Country,Date,Humidity,Latitude,Longitude,Max Temp,Wind Speed
City,Cloudiness,Country,Date,Humidity,Latitude,Longitude,Max Temp,Wind Speed
City,Cloudiness,Country,Date,Humidity,Latitude,Longitude,Max Temp,Wind Speed
City,Cloudiness,Country,Date,Humidity,Latitude,Longitude,Max Temp,Wind Speed
City,Cloudiness,Country,Date,Humidity,Latitude,Longitude,Max Temp,Wind Speed
City,Cloudiness,Country,Date,Humidity,Latitude,Longitude,Max Temp,Wind Speed
City,Cloudiness,Country,Date,Humidity,Latitude,Longitude,Max Temp,Wind Speed
